fpr,tpr,threshold
0.0,0.0,inf
0.001975,0.999125,1.0
1.0,1.0,0.0
